<?xml version="1.0"?>
<faces-config version="2.2" xmlns="http://xmlns.jcp.org/xml/ns/javaee"
              xmlns:xsi="http://www.w3.org/2001/XMLSchema-instance"
              xsi:schemaLocation="http://xmlns.jcp.org/xml/ns/javaee http://xmlns.jcp.org/xml/ns/javaee/web-facesconfig_2_2.xsd">

    <application>
        <resource-bundle>
            <base-name>messages</base-name>
            <var>msgs</var>
        </resource-bundle>
        <locale-config>
            <default-locale>en</default-locale>
        </locale-config>
    </application>
    <navigation-rule>
        <from-view-id>/login.xhtml</from-view-id>
        <navigation-case>
            <from-action>#{authenticatorBean.login}</from-action>
            <from-outcome>PROCUREMENT</from-outcome>
            <to-view-id>/procurement/project/list.xhtml</to-view-id>
            <redirect></redirect>
        </navigation-case>
    </navigation-rule>
    <navigation-rule>
        <from-view-id>/login.xhtml</from-view-id>
        <navigation-case>
            <from-action>#{authenticatorBean.login}</from-action>
            <from-outcome>EXPEDITING</from-outcome>
            <to-view-id>/home.xhtml</to-view-id>
            <redirect></redirect>
        </navigation-case>
    </navigation-rule>

    <navigation-rule>
        <from-view-id>/login.xhtml</from-view-id>
        <navigation-case>
            <from-action>#{identity.isLoggedIn()}</from-action>
            <from-outcome>true</from-outcome>
            <to-view-id>/procurement/project/list.xhtml</to-view-id>
            <redirect></redirect>
        </navigation-case>
    </navigation-rule>
    <navigation-rule>
        <from-view-id>/login.xhtml</from-view-id>
        <navigation-case>
            <from-action>#{authenticatorBean.validationLogin}</from-action>
            <from-outcome>true</from-outcome>
            <to-view-id>#{authenticatorBean.currentHome()}</to-view-id>
            <redirect></redirect>
        </navigation-case>
    </navigation-rule>
    <navigation-rule>
        <from-view-id>*</from-view-id>
        <navigation-case>
            <from-action>#{identity.isLoggedIn()}</from-action>
            <from-outcome>false</from-outcome>
            <to-view-id>/login.xhtml</to-view-id>
        </navigation-case>
    </navigation-rule>
    <navigation-rule>
        <from-view-id>*</from-view-id>
        <navigation-case>
            <from-action>#{authenticatorBean.validation}</from-action>
            <from-outcome>false</from-outcome>
            <to-view-id>/login.xhtml</to-view-id>
        </navigation-case>
    </navigation-rule>
    <navigation-rule>
        <from-view-id>*</from-view-id>
        <navigation-case>
            <from-outcome>ACCESS_DENIED</from-outcome>
            <to-view-id>/procurement/project/list.xhtml</to-view-id>
        </navigation-case>
    </navigation-rule>
    <navigation-rule>
        <from-view-id>*</from-view-id>
        <navigation-case>
            <from-action>#{userSession.switchToExpediting}</from-action>
            <from-outcome>EXPEDITING</from-outcome>
            <to-view-id>/home.xhtml?faces-redirect=true</to-view-id>
        </navigation-case>
        <navigation-case>
            <from-action>#{userSession.switchToProcurement}</from-action>
            <from-outcome>PROCUREMENT</from-outcome>
            <to-view-id>/procurement/project/list.xhtml?faces-redirect=true</to-view-id>
        </navigation-case>
    </navigation-rule>
  <!--  <navigation-rule>
        <from-view-id>/procurement/*</from-view-id>
        <navigation-case>
            <to-view-id>/home.xhtml</to-view-id>
        </navigation-case>
    </navigation-rule>-->
    <factory>
        <exception-handler-factory>org.omnifaces.exceptionhandler.FullAjaxExceptionHandlerFactory</exception-handler-factory>
    </factory>

</faces-config>
