DROP TABLE IF EXISTS MODULE_ENTITY CASCADE;
DROP TABLE IF EXISTS OPTIONS CASCADE;


CREATE TABLE MODULE_ENTITY (
	ID integer NOT NULL,
	NAME varchar(50) NOT NULL
);

CREATE TABLE OPTIONS (
	ID integer NOT NULL,
	NAME varchar(50) NOT NULL,
	MODULE_ID integer NOT NULL
);


ALTER TABLE MODULE_ENTITY ADD CONSTRAINT PK_MODULE
	PRIMARY KEY (ID);
	
ALTER TABLE OPTIONS ADD CONSTRAINT PK_OPTIONS
	PRIMARY KEY (ID);
	
ALTER TABLE MODULE_ENTITY
	ADD CONSTRAINT UQ_MODULE_NAME UNIQUE (NAME);
	
ALTER TABLE OPTIONS
	ADD CONSTRAINT UQ_OPTION_NAME UNIQUE (NAME);
	
ALTER TABLE OPTIONS ADD CONSTRAINT FK_OPTIONS_MODULE
	FOREIGN KEY (MODULE_ID) REFERENCES MODULE_ENTITY (ID);

ALTER TABLE ROLE_OPTION ADD CONSTRAINT FK_OPTION_ROLE
	FOREIGN KEY (OPTION_ID) REFERENCES OPTIONS (ID);
	
	
INSERT INTO MODULE_ENTITY VALUES(1,'PURCHASE_ORDER');
INSERT INTO MODULE_ENTITY VALUES(2,'REPORT');
INSERT INTO MODULE_ENTITY VALUES(3,'USER');

-- USER
INSERT INTO OPTIONS VALUES(1,'USER_LIST',3);
INSERT INTO OPTIONS VALUES(2,'USER_CREATE',3);
INSERT INTO OPTIONS VALUES(3,'USER_UPDATE',3);
INSERT INTO OPTIONS VALUES(4,'USER_VIEW',3);
INSERT INTO OPTIONS VALUES(5,'USER_DELETE',3);

--PURCHASE ORDER

INSERT INTO OPTIONS VALUES(100,'PURCHASE_ORDER_LIST',1);
INSERT INTO OPTIONS VALUES(101,'PURCHASE_ORDER_CREATE',1);
INSERT INTO OPTIONS VALUES(102,'PURCHASE_ORDER_UPDATE',1);
INSERT INTO OPTIONS VALUES(103,'PURCHASE_ORDER_VIEW',1);
INSERT INTO OPTIONS VALUES(104,'PURCHASE_ORDER_DELETE',1);
INSERT INTO OPTIONS VALUES(105,'PURCHASE_ORDER_SPLIT_POIR',1);


--REPORT

INSERT INTO OPTIONS VALUES(200,'REPORT_LIST',1);
INSERT INTO OPTIONS VALUES(201,'REPORT_RECEIVABLE_MANIFEST',1);
INSERT INTO OPTIONS VALUES(202,'REPORT_JOB_SUMMARY',1);



--ADMINISTRATOR	
INSERT INTO ROLE_OPTION VALUES(1,1,13);
INSERT INTO ROLE_OPTION VALUES(2,2,13);
INSERT INTO ROLE_OPTION VALUES(3,3,13);
INSERT INTO ROLE_OPTION VALUES(4,4,13);
INSERT INTO ROLE_OPTION VALUES(5,5,13);
-- SENIOR
INSERT INTO ROLE_OPTION VALUES(100,100,10);
INSERT INTO ROLE_OPTION VALUES(101,101,10);
INSERT INTO ROLE_OPTION VALUES(102,102,10);
INSERT INTO ROLE_OPTION VALUES(103,103,10);
INSERT INTO ROLE_OPTION VALUES(104,104,10);
INSERT INTO ROLE_OPTION VALUES(105,105,10);
INSERT INTO ROLE_OPTION VALUES(106,200,10);
INSERT INTO ROLE_OPTION VALUES(107,201,10);
INSERT INTO ROLE_OPTION VALUES(108,202,10);
--JUNIOR

INSERT INTO ROLE_OPTION VALUES(200,100,11);
INSERT INTO ROLE_OPTION VALUES(201,102,11);
INSERT INTO ROLE_OPTION VALUES(202,103,11);
INSERT INTO ROLE_OPTION VALUES(203,105,11);
INSERT INTO ROLE_OPTION VALUES(204,200,11);
INSERT INTO ROLE_OPTION VALUES(205,201,11);
INSERT INTO ROLE_OPTION VALUES(206,202,11);

-- VISITOR

INSERT INTO ROLE_OPTION VALUES(300,100,12);
INSERT INTO ROLE_OPTION VALUES(301,103,12);